index,chamfer,mse,psnr,ssim
0,0.001246826775954105,0.03995659357309341,14.337429870605469,0.7664560737609863
1,0.000910707697563339,0.03779701810330152,14.602523979187012,0.7797868912220001
